Mes,Logro
Enero,Infraestructura optimizada en AWS y GCP
Febrero,Automatización de pipelines en Jenkins
Marzo,Implementación de IaC con Terraform v1.2
Abril,Primera PoC de Generative AI implementada
Mayo,Optimización del tiempo de despliegue en un 40%
Junio,Nueva metodología de FinOps adoptada
Julio,Soporte a 10 proyectos estratégicos
Agosto,Automatización del 90% de configuraciones CaC
Septiembre,Certificación AWS DevOps Pro lograda
Octubre,Integración con nuevos servicios de GCP
Noviembre,Desarrollo de API para gestión de infraestructura
Diciembre,Reducción del 50% en costos operativos Cloud
